{
    "IcoMoonType": "selection",
    "icons": [
        {
            "icon": {
                "paths": [
                    "M891.802 312.781c13.926-13.722 36.301-13.722 50.125 0s13.875 35.891 0 49.613l-404.89 400.896c-13.824 13.722-36.198 13.722-50.125 0l-404.89-400.896c-13.824-13.722-13.824-35.891 0-49.613 13.875-13.722 36.301-13.722 50.125 0l379.853 365.619 379.802-365.619z"
                ],
                "attrs": [
                    {}
                ],
                "isMulticolor": false,
                "isMulticolor2": false,
                "tags": [
                    "chevron-thin-down"
                ],
                "grid": 20
            },
            "attrs": [
                {}
            ],
            "properties": {
                "order": 45,
                "id": 0,
                "name": "chevron-thin-down",
                "prevSize": 20,
                "code": 59649
            },
            "setIdx": 1,
            "setId": 7,
            "iconIdx": 0
        },
        {
            "icon": {
                "paths": [
                    "M51.2 512h153.6v512h-153.6v-512zM307.2 0h153.6v1024h-153.6v-1024zM563.2 409.6h153.6v614.4h-153.6v-614.4zM819.2 204.8h153.6v819.2h-153.6v-819.2z"
                ],
                "attrs": [
                    {}
                ],
                "isMulticolor": false,
                "isMulticolor2": false,
                "tags": [
                    "chart-bar"
                ],
                "grid": 20
            },
            "attrs": [
                {}
            ],
            "properties": {
                "order": 42,
                "id": 1,
                "name": "chart-bar",
                "prevSize": 20,
                "code": 59651
            },
            "setIdx": 3,
            "setId": 5,
            "iconIdx": 0
        },
        {
            "icon": {
                "paths": [
                    "M0 307.2c0-56.32 46.080-102.4 102.4-102.4h153.6l102.4-102.4h307.2l102.4 102.4h153.6c56.554 0 102.4 45.846 102.4 102.4v0 512c0 56.554-45.846 102.4-102.4 102.4v0h-819.2c-56.554 0-102.4-45.846-102.4-102.4v0-512zM512 819.2c141.385 0 256-114.615 256-256s-114.615-256-256-256v0c-141.385 0-256 114.615-256 256s114.615 256 256 256v0zM512 716.8c-84.831 0-153.6-68.769-153.6-153.6s68.769-153.6 153.6-153.6v0c84.831 0 153.6 68.769 153.6 153.6s-68.769 153.6-153.6 153.6v0z"
                ],
                "attrs": [
                    {}
                ],
                "isMulticolor": false,
                "isMulticolor2": false,
                "tags": [
                    "camera"
                ],
                "grid": 20
            },
            "attrs": [
                {}
            ],
            "properties": {
                "order": 35,
                "id": 0,
                "name": "camera",
                "prevSize": 20,
                "code": 59652
            },
            "setIdx": 3,
            "setId": 5,
            "iconIdx": 1
        },
        {
            "icon": {
                "paths": [
                    "M928 1024h-832c-17.664 0-32-14.304-32-32v-512c0-17.696 14.336-32 32-32h96v-128c0-176.736 143.264-320 320-320s320 143.264 320 320v128h96c17.696 0 32 14.304 32 32v512c0 17.696-14.304 32-32 32zM704 304c0-97.216-85.984-176-192-176s-192 78.784-192 176v144h384v-144z"
                ],
                "attrs": [
                    {}
                ],
                "isMulticolor": false,
                "isMulticolor2": false,
                "tags": [
                    "locked",
                    "encryption",
                    "login",
                    "log in"
                ],
                "grid": 16
            },
            "attrs": [
                {}
            ],
            "properties": {
                "order": 40,
                "id": 0,
                "name": "locked, encryption, login, log-in",
                "prevSize": 32,
                "code": 59653
            },
            "setIdx": 2,
            "setId": 6,
            "iconIdx": 0
        },
        {
            "icon": {
                "paths": [
                    "M917.806 357.076c-22.21-30.292-53.174-65.7-87.178-99.704s-69.412-64.964-99.704-87.178c-51.574-37.82-76.592-42.194-90.924-42.194h-368c-44.114 0-80 35.888-80 80v736c0 44.112 35.886 80 80 80h608c44.112 0 80-35.888 80-80v-496c0-14.332-4.372-39.35-42.194-90.924zM785.374 302.626c30.7 30.7 54.8 58.398 72.58 81.374h-153.954v-153.946c22.982 17.78 50.678 41.878 81.374 72.572v0zM896 944c0 8.672-7.328 16-16 16h-608c-8.672 0-16-7.328-16-16v-736c0-8.672 7.328-16 16-16 0 0 367.956-0.002 368 0v224c0 17.672 14.324 32 32 32h224v496z",
                    "M602.924 42.196c-51.574-37.822-76.592-42.196-90.924-42.196h-368c-44.112 0-80 35.888-80 80v736c0 38.632 27.528 70.958 64 78.39v-814.39c0-8.672 7.328-16 16-16h486.876c-9.646-7.92-19.028-15.26-27.952-21.804z"
                ],
                "tags": [
                    "files-empty",
                    "files",
                    "documents",
                    "papers",
                    "pages"
                ],
                "defaultCode": 59685,
                "grid": 16,
                "attrs": []
            },
            "attrs": [],
            "properties": {
                "ligatures": "files-empty, files",
                "name": "files-empty",
                "order": 30,
                "id": 38,
                "prevSize": 32,
                "code": 59685
            },
            "setIdx": 7,
            "setId": 1,
            "iconIdx": 37
        },
        {
            "icon": {
                "paths": [
                    "M480 64c-265.096 0-480 214.904-480 480 0 265.098 214.904 480 480 480 265.098 0 480-214.902 480-480 0-265.096-214.902-480-480-480zM480 928c-212.078 0-384-171.922-384-384s171.922-384 384-384c212.078 0 384 171.922 384 384s-171.922 384-384 384zM512 512v-128h128v-64h-128v-64h-64v64h-128v256h128v128h-128v64h128v64h64v-64h128.002l-0.002-256h-128zM448 512h-64v-128h64v128zM576.002 704h-64.002v-128h64.002v128z"
                ],
                "tags": [
                    "coin-dollar",
                    "money",
                    "cash",
                    "currency-dollar"
                ],
                "defaultCode": 59707,
                "grid": 16,
                "attrs": []
            },
            "attrs": [],
            "properties": {
                "ligatures": "coin-dollar, money",
                "name": "coin-dollar",
                "order": 50,
                "id": 60,
                "prevSize": 32,
                "code": 59707
            },
            "setIdx": 7,
            "setId": 1,
            "iconIdx": 59
        },
        {
            "icon": {
                "paths": [
                    "M384 64h-320c-35.2 0-64 28.8-64 64v320c0 35.2 28.796 64 64 64h320c35.2 0 64-28.8 64-64v-320c0-35.2-28.8-64-64-64zM384 320h-320v-64h320v64zM896 64h-320c-35.204 0-64 28.8-64 64v832c0 35.2 28.796 64 64 64h320c35.2 0 64-28.8 64-64v-832c0-35.2-28.8-64-64-64zM896 640h-320v-64h320v64zM896 448h-320v-64h320v64zM384 576h-320c-35.2 0-64 28.8-64 64v320c0 35.2 28.796 64 64 64h320c35.2 0 64-28.8 64-64v-320c0-35.2-28.8-64-64-64zM384 832h-128v128h-64v-128h-128v-64h128v-128h64v128h128v64z"
                ],
                "tags": [
                    "calculator",
                    "compute",
                    "math",
                    "arithmetic",
                    "sum"
                ],
                "defaultCode": 59712,
                "grid": 16,
                "attrs": []
            },
            "attrs": [],
            "properties": {
                "ligatures": "calculator, compute",
                "name": "calculator",
                "order": 21,
                "id": 65,
                "prevSize": 32,
                "code": 97
            },
            "setIdx": 7,
            "setId": 1,
            "iconIdx": 64
        },
        {
            "icon": {
                "paths": [
                    "M544 0l-96 96 96 96-224 256h-224l176 176-272 360.616v39.384h39.384l360.616-272 176 176v-224l256-224 96 96 96-96-480-480zM448 544l-64-64 224-224 64 64-224 224z"
                ],
                "tags": [
                    "pushpin",
                    "pin"
                ],
                "defaultCode": 59718,
                "grid": 16,
                "attrs": []
            },
            "attrs": [],
            "properties": {
                "ligatures": "pushpin, pin",
                "name": "pushpin",
                "order": 46,
                "id": 71,
                "prevSize": 32,
                "code": 59718
            },
            "setIdx": 7,
            "setId": 1,
            "iconIdx": 70
        },
        {
            "icon": {
                "paths": [
                    "M320 384h128v128h-128zM512 384h128v128h-128zM704 384h128v128h-128zM128 768h128v128h-128zM320 768h128v128h-128zM512 768h128v128h-128zM320 576h128v128h-128zM512 576h128v128h-128zM704 576h128v128h-128zM128 576h128v128h-128zM832 0v64h-128v-64h-448v64h-128v-64h-128v1024h960v-1024h-128zM896 960h-832v-704h832v704z"
                ],
                "tags": [
                    "calendar",
                    "date",
                    "schedule",
                    "time",
                    "day"
                ],
                "defaultCode": 59731,
                "grid": 16,
                "attrs": []
            },
            "attrs": [],
            "properties": {
                "ligatures": "calendar, date",
                "name": "calendar",
                "order": 49,
                "id": 84,
                "prevSize": 32,
                "code": 59731
            },
            "setIdx": 7,
            "setId": 1,
            "iconIdx": 83
        },
        {
            "icon": {
                "paths": [
                    "M992.262 871.396l-242.552-206.294c-25.074-22.566-51.89-32.926-73.552-31.926 57.256-67.068 91.842-154.078 91.842-249.176 0-212.078-171.922-384-384-384-212.076 0-384 171.922-384 384s171.922 384 384 384c95.098 0 182.108-34.586 249.176-91.844-1 21.662 9.36 48.478 31.926 73.552l206.294 242.552c35.322 39.246 93.022 42.554 128.22 7.356s31.892-92.898-7.354-128.22zM384 640c-141.384 0-256-114.616-256-256s114.616-256 256-256 256 114.616 256 256-114.614 256-256 256z"
                ],
                "tags": [
                    "search",
                    "magnifier",
                    "magnifying-glass",
                    "inspect",
                    "find"
                ],
                "defaultCode": 59782,
                "grid": 16,
                "attrs": []
            },
            "attrs": [],
            "properties": {
                "ligatures": "search, magnifier",
                "name": "search",
                "order": 31,
                "id": 135,
                "prevSize": 32,
                "code": 59782
            },
            "setIdx": 7,
            "setId": 1,
            "iconIdx": 134
        },
        {
            "icon": {
                "paths": [
                    "M64 192h896v192h-896zM64 448h896v192h-896zM64 704h896v192h-896z"
                ],
                "tags": [
                    "menu",
                    "list",
                    "options",
                    "lines",
                    "hamburger"
                ],
                "defaultCode": 59837,
                "grid": 16,
                "attrs": []
            },
            "attrs": [],
            "properties": {
                "ligatures": "menu, list3",
                "name": "Menu",
                "order": 27,
                "id": 190,
                "prevSize": 32,
                "code": 59837
            },
            "setIdx": 7,
            "setId": 1,
            "iconIdx": 189
        },
        {
            "icon": {
                "paths": [
                    "M992 384h-352v-352c0-17.672-14.328-32-32-32h-192c-17.672 0-32 14.328-32 32v352h-352c-17.672 0-32 14.328-32 32v192c0 17.672 14.328 32 32 32h352v352c0 17.672 14.328 32 32 32h192c17.672 0 32-14.328 32-32v-352h352c17.672 0 32-14.328 32-32v-192c0-17.672-14.328-32-32-32z"
                ],
                "tags": [
                    "plus",
                    "add",
                    "sum"
                ],
                "defaultCode": 59914,
                "grid": 16,
                "attrs": []
            },
            "attrs": [],
            "properties": {
                "ligatures": "plus, add",
                "name": "plus",
                "order": 32,
                "id": 267,
                "prevSize": 32,
                "code": 59914
            },
            "setIdx": 7,
            "setId": 1,
            "iconIdx": 266
        },
        {
            "icon": {
                "paths": [
                    "M0 64v896h1024v-896h-1024zM384 640v-192h256v192h-256zM640 704v192h-256v-192h256zM640 192v192h-256v-192h256zM320 192v192h-256v-192h256zM64 448h256v192h-256v-192zM704 448h256v192h-256v-192zM704 384v-192h256v192h-256zM64 704h256v192h-256v-192zM704 896v-192h256v192h-256z"
                ],
                "tags": [
                    "table",
                    "wysiwyg"
                ],
                "defaultCode": 60017,
                "grid": 16,
                "attrs": []
            },
            "attrs": [],
            "properties": {
                "ligatures": "table2, wysiwyg19",
                "name": "table2",
                "order": 43,
                "id": 370,
                "prevSize": 32,
                "code": 60017
            },
            "setIdx": 7,
            "setId": 1,
            "iconIdx": 369
        },
        {
            "icon": {
                "paths": [
                    "M316 658l-60-60 256-256 256 256-60 60-196-196z"
                ],
                "attrs": [
                    {}
                ],
                "isMulticolor": false,
                "isMulticolor2": false,
                "tags": [
                    "keyboard_arrow_up"
                ],
                "grid": 24
            },
            "attrs": [
                {}
            ],
            "properties": {
                "order": 48,
                "id": 2,
                "name": "keyboard_arrow_up",
                "prevSize": 24,
                "code": 59654
            },
            "setIdx": 4,
            "setId": 4,
            "iconIdx": 0
        },
        {
            "icon": {
                "paths": [
                    "M512 662q62 0 106-44t44-106-44-106-106-44-106 44-44 106 44 106 106 44zM830 554l90 70q14 10 4 28l-86 148q-8 14-26 8l-106-42q-42 30-72 42l-16 112q-4 18-20 18h-172q-16 0-20-18l-16-112q-38-16-72-42l-106 42q-18 6-26-8l-86-148q-10-18 4-28l90-70q-2-14-2-42t2-42l-90-70q-14-10-4-28l86-148q8-14 26-8l106 42q42-30 72-42l16-112q4-18 20-18h172q16 0 20 18l16 112q38 16 72 42l106-42q18-6 26 8l86 148q10 18-4 28l-90 70q2 14 2 42t-2 42z"
                ],
                "attrs": [
                    {}
                ],
                "isMulticolor": false,
                "isMulticolor2": false,
                "tags": [
                    "settings"
                ],
                "grid": 24
            },
            "attrs": [
                {}
            ],
            "properties": {
                "order": 37,
                "id": 1,
                "name": "settings",
                "prevSize": 24,
                "code": 59655
            },
            "setIdx": 4,
            "setId": 4,
            "iconIdx": 1
        },
        {
            "icon": {
                "paths": [
                    "M256 554v-84h512v84h-512zM128 256h768v86h-768v-86zM426 768v-86h172v86h-172z"
                ],
                "attrs": [
                    {}
                ],
                "isMulticolor": false,
                "isMulticolor2": false,
                "tags": [
                    "filter_list"
                ],
                "grid": 24
            },
            "attrs": [
                {}
            ],
            "properties": {
                "order": 29,
                "id": 0,
                "name": "filter_list",
                "prevSize": 24,
                "code": 59648
            },
            "setIdx": 4,
            "setId": 4,
            "iconIdx": 2
        },
        {
            "icon": {
                "paths": [
                    "M256 256v128h512v-128h-512zM256 576h512v-128h-512v128zM256 768h512v-128h-512v128z"
                ],
                "attrs": [
                    {}
                ],
                "isMulticolor": false,
                "isMulticolor2": false,
                "tags": [
                    "list",
                    "menu",
                    "dropdown",
                    "options"
                ],
                "grid": 32
            },
            "attrs": [
                {}
            ],
            "properties": {
                "order": 26,
                "id": 0,
                "name": "list, menu, dropdown, options",
                "prevSize": 32,
                "code": 59650
            },
            "setIdx": 5,
            "setId": 3,
            "iconIdx": 0
        }
    ],
    "height": 1024,
    "metadata": {
        "name": "Budget-Builder"
    },
    "preferences": {
        "showGlyphs": true,
        "showQuickUse": true,
        "showQuickUse2": true,
        "showSVGs": true,
        "fontPref": {
            "prefix": "icon-",
            "metadata": {
                "fontFamily": "Budget-Builder",
                "majorVersion": 1,
                "minorVersion": 0
            },
            "metrics": {
                "emSize": 1024,
                "baseline": 6.25,
                "whitespace": 50
            },
            "embed": false,
            "showSelector": false,
            "selector": ""
        },
        "imagePref": {
            "prefix": "icon-",
            "png": true,
            "useClassSelector": true,
            "color": 0,
            "bgColor": 16777215,
            "classSelector": ".icon",
            "name": "icomoon"
        },
        "historySize": 50,
        "showCodes": true,
        "gridSize": 16,
        "showGrid": false
    }
}